{
  "project_info": {
    "project_number": "377180980702",
    "project_id": "testcode-2",
    "storage_bucket": "testcode-2.appspot.com"
  },
  "client": [
    {
      "client_info": {
        "mobilesdk_app_id": "1:377180980702:android:6d185dad3f67c311aec94f",
        "android_client_info": {
          "package_name": "com.example.coding2"
        }
      },
      "oauth_client": [
        {
          "client_id": "377180980702-52apcs3rbk0kuhr8i4ri6rkov7t9ghre.apps.googleusercontent.com",
          "client_type": 3
        }
      ],
      "api_key": [
        {
          "current_key": "AIzaSyD3LbhaAkZ0KBHWIMt0_WukUwRZDDAHQ_Q"
        }
      ],
      "services": {
        "appinvite_service": {
          "other_platform_oauth_client": [
            {
              "client_id": "377180980702-52apcs3rbk0kuhr8i4ri6rkov7t9ghre.apps.googleusercontent.com",
              "client_type": 3
            }
          ]
        }
      }
    }
  ],
  "configuration_version": "1"
}